date,title,url
2023/09/26,金利上昇のなか、米新築住宅市場は再び失速か(アセットマネジメントOne),https://s3-ap-southeast-1.amazonaws.com/apacwpfhmultisiteprod-live-b260db6793404af7821690776d2b-cf88807/PDFs/Market%20Reports/202309/%E9%87%91%E5%88%A9%E4%B8%8A%E6%98%87%E3%81%AE%E3%81%AA%E3%81%8B%E3%80%81%E7%B1%B3%E6%96%B0%E7%AF%89%E4%BD%8F%E5%AE%85%E5%B8%82%E5%A0%B4%E3%81%AF%E5%86%8D%E3%81%B3%E5%A4%B1%E9%80%9F%E3%81%8B%28%E3%82%A2%E3%82%BB%E3%83%83%E3%83%88%E3%83%9E%E3%83%8D%E3%82%B8%E3%83%A1%E3%83%B3%E3%83%88One%29.pdf
2023/09/26,日銀植田総裁、火消しに走るも火種は残る(ピクテ・ジャパン),https://s3-ap-southeast-1.amazonaws.com/apacwpfhmultisiteprod-live-b260db6793404af7821690776d2b-cf88807/PDFs/Market%20Reports/202309/%E6%97%A5%E9%8A%80%E6%A4%8D%E7%94%B0%E7%B7%8F%E8%A3%81%E3%80%81%E7%81%AB%E6%B6%88%E3%81%97%E3%81%AB%E8%B5%B0%E3%82%8B%E3%82%82%E7%81%AB%E7%A8%AE%E3%81%AF%E6%AE%8B%E3%82%8B%28%E3%83%94%E3%82%AF%E3%83%86%E3%83%BB%E3%82%B8%E3%83%A3%E3%83%91%E3%83%B3%29.pdf
2023/09/26,日銀、金融緩和政策の現状維持を決定(野村アセットマネジメント),https://s3-ap-southeast-1.amazonaws.com/apacwpfhmultisiteprod-live-b260db6793404af7821690776d2b-cf88807/PDFs/Market%20Reports/202309/%E6%97%A5%E9%8A%80%E3%80%81%E9%87%91%E8%9E%8D%E7%B7%A9%E5%92%8C%E6%94%BF%E7%AD%96%E3%81%AE%E7%8F%BE%E7%8A%B6%E7%B6%AD%E6%8C%81%E3%82%92%E6%B1%BA%E5%AE%9A%28%E9%87%8E%E6%9D%91%E3%82%A2%E3%82%BB%E3%83%83%E3%83%88%E3%83%9E%E3%83%8D%E3%82%B8%E3%83%A1%E3%83%B3%E3%83%88%29.pdf
2023/09/26,FOMCと日銀金融政策決定会合を終えたドル円相場の展望(三井住友DSアセットマネジメント),https://s3-ap-southeast-1.amazonaws.com/apacwpfhmultisiteprod-live-b260db6793404af7821690776d2b-cf88807/PDFs/Market%20Reports/202309/FOMC%E3%81%A8%E6%97%A5%E9%8A%80%E9%87%91%E8%9E%8D%E6%94%BF%E7%AD%96%E6%B1%BA%E5%AE%9A%E4%BC%9A%E5%90%88%E3%82%92%E7%B5%82%E3%81%88%E3%81%9F%E3%83%89%E3%83%AB%E5%86%86%E7%9B%B8%E5%A0%B4%E3%81%AE%E5%B1%95%E6%9C%9B%28%E4%B8%89%E4%BA%95%E4%BD%8F%E5%8F%8BDS%E3%82%A2%E3%82%BB%E3%83%83%E3%83%88%E3%83%9E%E3%83%8D%E3%82%B8%E3%83%A1%E3%83%B3%E3%83%88%29.pdf
2023/09/26,日銀9月 金融緩和策の維持を決定(ニッセイアセットマネジメント),https://s3-ap-southeast-1.amazonaws.com/apacwpfhmultisiteprod-live-b260db6793404af7821690776d2b-cf88807/PDFs/Market%20Reports/202309/%E6%97%A5%E9%8A%809%E6%9C%88%20%E9%87%91%E8%9E%8D%E7%B7%A9%E5%92%8C%E7%AD%96%E3%81%AE%E7%B6%AD%E6%8C%81%E3%82%92%E6%B1%BA%E5%AE%9A%28%E3%83%8B%E3%83%83%E3%82%BB%E3%82%A4%E3%82%A2%E3%82%BB%E3%83%83%E3%83%88%E3%83%9E%E3%83%8D%E3%82%B8%E3%83%A1%E3%83%B3%E3%83%88%29.pdf
2023/09/26,「脱デフレ」と「企業改革」が日本株のキーワードに(野村アセットマネジメント),https://s3-ap-southeast-1.amazonaws.com/apacwpfhmultisiteprod-live-b260db6793404af7821690776d2b-cf88807/PDFs/Market%20Reports/202309/%E3%80%8C%E8%84%B1%E3%83%87%E3%83%95%E3%83%AC%E3%80%8D%E3%81%A8%E3%80%8C%E4%BC%81%E6%A5%AD%E6%94%B9%E9%9D%A9%E3%80%8D%E3%81%8C%E6%97%A5%E6%9C%AC%E6%A0%AA%E3%81%AE%E3%82%AD%E3%83%BC%E3%83%AF%E3%83%BC%E3%83%89%E3%81%AB%28%E9%87%8E%E6%9D%91%E3%82%A2%E3%82%BB%E3%83%83%E3%83%88%E3%83%9E%E3%83%8D%E3%82%B8%E3%83%A1%E3%83%B3%E3%83%88%29.pdf
2023/09/25,ブラジル中銀は0.50%の利下げを決定、今後同程度の利下げを継続する可能性を示唆(アセットマネジメントOne),https://s3-ap-southeast-1.amazonaws.com/apacwpfhmultisiteprod-live-b260db6793404af7821690776d2b-cf88807/PDFs/Market%20Reports/202309/%E3%83%96%E3%83%A9%E3%82%B8%E3%83%AB%E4%B8%AD%E9%8A%80%E3%81%AF0.50%25%E3%81%AE%E5%88%A9%E4%B8%8B%E3%81%92%E3%82%92%E6%B1%BA%E5%AE%9A%E3%80%81%E4%BB%8A%E5%BE%8C%E5%90%8C%E7%A8%8B%E5%BA%A6%E3%81%AE%E5%88%A9%E4%B8%8B%E3%81%92%E3%82%92%E7%B6%99%E7%B6%9A%E3%81%99%E3%82%8B%E5%8F%AF%E8%83%BD%E6%80%A7%E3%82%92%E7%A4%BA%E5%94%86%28%E3%82%A2%E3%82%BB%E3%83%83%E3%83%88%E3%83%9E%E3%83%8D%E3%82%B8%E3%83%A1%E3%83%B3%E3%83%88One%29.pdf
2023/09/25,トルコ金融政策（2023年9月）(大和アセットマネジメント),https://s3-ap-southeast-1.amazonaws.com/apacwpfhmultisiteprod-live-b260db6793404af7821690776d2b-cf88807/PDFs/Market%20Reports/202309/%E3%83%88%E3%83%AB%E3%82%B3%E9%87%91%E8%9E%8D%E6%94%BF%E7%AD%96%EF%BC%882023%E5%B9%B49%E6%9C%88%EF%BC%89%28%E5%A4%A7%E5%92%8C%E3%82%A2%E3%82%BB%E3%83%83%E3%83%88%E3%83%9E%E3%83%8D%E3%82%B8%E3%83%A1%E3%83%B3%E3%83%88%29.pdf
2023/09/25,英中銀は僅差で政策金利の据え置きを決定(アセットマネジメントOne),https://s3-ap-southeast-1.amazonaws.com/apacwpfhmultisiteprod-live-b260db6793404af7821690776d2b-cf88807/PDFs/Market%20Reports/202309/%E8%8B%B1%E4%B8%AD%E9%8A%80%E3%81%AF%E5%83%85%E5%B7%AE%E3%81%A7%E6%94%BF%E7%AD%96%E9%87%91%E5%88%A9%E3%81%AE%E6%8D%AE%E3%81%88%E7%BD%AE%E3%81%8D%E3%82%92%E6%B1%BA%E5%AE%9A%28%E3%82%A2%E3%82%BB%E3%83%83%E3%83%88%E3%83%9E%E3%83%8D%E3%82%B8%E3%83%A1%E3%83%B3%E3%83%88One%29.pdf
2023/09/25,トルコの政策金利引き上げについて(SOMPOアセットマネジメント),https://s3-ap-southeast-1.amazonaws.com/apacwpfhmultisiteprod-live-b260db6793404af7821690776d2b-cf88807/PDFs/Market%20Reports/202309/%E3%83%88%E3%83%AB%E3%82%B3%E3%81%AE%E6%94%BF%E7%AD%96%E9%87%91%E5%88%A9%E5%BC%95%E3%81%8D%E4%B8%8A%E3%81%92%E3%81%AB%E3%81%A4%E3%81%84%E3%81%A6%28SOMPO%E3%82%A2%E3%82%BB%E3%83%83%E3%83%88%E3%83%9E%E3%83%8D%E3%82%B8%E3%83%A1%E3%83%B3%E3%83%88%2920230925.pdf
2023/09/25,ブラジルレアル、利下げで大丈夫？(ピクテ・ジャパン),https://s3-ap-southeast-1.amazonaws.com/apacwpfhmultisiteprod-live-b260db6793404af7821690776d2b-cf88807/PDFs/Market%20Reports/202309/%E3%83%96%E3%83%A9%E3%82%B8%E3%83%AB%E3%83%AC%E3%82%A2%E3%83%AB%E3%80%81%E5%88%A9%E4%B8%8B%E3%81%92%E3%81%A7%E5%A4%A7%E4%B8%88%E5%A4%AB%EF%BC%9F%28%E3%83%94%E3%82%AF%E3%83%86%E3%83%BB%E3%82%B8%E3%83%A3%E3%83%91%E3%83%B3%29.pdf
2023/09/25,日銀金融政策決定会合（2023年9月）(大和アセットマネジメント),https://s3-ap-southeast-1.amazonaws.com/apacwpfhmultisiteprod-live-b260db6793404af7821690776d2b-cf88807/PDFs/Market%20Reports/202309/%E6%97%A5%E9%8A%80%E9%87%91%E8%9E%8D%E6%94%BF%E7%AD%96%E6%B1%BA%E5%AE%9A%E4%BC%9A%E5%90%88%EF%BC%882023%E5%B9%B49%E6%9C%88%EF%BC%89%28%E5%A4%A7%E5%92%8C%E3%82%A2%E3%82%BB%E3%83%83%E3%83%88%E3%83%9E%E3%83%8D%E3%82%B8%E3%83%A1%E3%83%B3%E3%83%88%29.pdf
2023/09/22,好調な中国の新エネルギー車市場に注目(日興アセットマネジメント),https://s3-ap-southeast-1.amazonaws.com/apacwpfhmultisiteprod-live-b260db6793404af7821690776d2b-cf88807/PDFs/Market%20Reports/202309/%E5%A5%BD%E8%AA%BF%E3%81%AA%E4%B8%AD%E5%9B%BD%E3%81%AE%E6%96%B0%E3%82%A8%E3%83%8D%E3%83%AB%E3%82%AE%E3%83%BC%E8%BB%8A%E5%B8%82%E5%A0%B4%E3%81%AB%E6%B3%A8%E7%9B%AE%28%E6%97%A5%E8%88%88%E3%82%A2%E3%82%BB%E3%83%83%E3%83%88%E3%83%9E%E3%83%8D%E3%82%B8%E3%83%A1%E3%83%B3%E3%83%88%29.pdf
2023/09/22,英国金融政策（2023年9月）(大和アセットマネジメント),https://s3-ap-southeast-1.amazonaws.com/apacwpfhmultisiteprod-live-b260db6793404af7821690776d2b-cf88807/PDFs/Market%20Reports/202309/%E8%8B%B1%E5%9B%BD%E9%87%91%E8%9E%8D%E6%94%BF%E7%AD%96%EF%BC%882023%E5%B9%B49%E6%9C%88%EF%BC%89%28%E5%A4%A7%E5%92%8C%E3%82%A2%E3%82%BB%E3%83%83%E3%83%88%E3%83%9E%E3%83%8D%E3%82%B8%E3%83%A1%E3%83%B3%E3%83%88%29.pdf
2023/09/22,自動車ストライキ。今後の米国製造業の動向に注目(アセットマネジメントOne),https://s3-ap-southeast-1.amazonaws.com/apacwpfhmultisiteprod-live-b260db6793404af7821690776d2b-cf88807/PDFs/Market%20Reports/202309/%E8%87%AA%E5%8B%95%E8%BB%8A%E3%82%B9%E3%83%88%E3%83%A9%E3%82%A4%E3%82%AD%E3%80%82%E4%BB%8A%E5%BE%8C%E3%81%AE%E7%B1%B3%E5%9B%BD%E8%A3%BD%E9%80%A0%E6%A5%AD%E3%81%AE%E5%8B%95%E5%90%91%E3%81%AB%E6%B3%A8%E7%9B%AE%28%E3%82%A2%E3%82%BB%E3%83%83%E3%83%88%E3%83%9E%E3%83%8D%E3%82%B8%E3%83%A1%E3%83%B3%E3%83%88One%29.pdf
2023/09/22,高水準の金利をより長く、が示された今回のFOMC(ピクテ・ジャパン),https://s3-ap-southeast-1.amazonaws.com/apacwpfhmultisiteprod-live-b260db6793404af7821690776d2b-cf88807/PDFs/Market%20Reports/202309/%E9%AB%98%E6%B0%B4%E6%BA%96%E3%81%AE%E9%87%91%E5%88%A9%E3%82%92%E3%82%88%E3%82%8A%E9%95%B7%E3%81%8F%E3%80%81%E3%81%8C%E7%A4%BA%E3%81%95%E3%82%8C%E3%81%9F%E4%BB%8A%E5%9B%9E%E3%81%AEFOMC%28%E3%83%94%E3%82%AF%E3%83%86%E3%83%BB%E3%82%B8%E3%83%A3%E3%83%91%E3%83%B3%29.pdf
2023/09/22,ブラジルの政策金利引き下げについて(SOMPOアセットマネジメント),https://s3-ap-southeast-1.amazonaws.com/apacwpfhmultisiteprod-live-b260db6793404af7821690776d2b-cf88807/PDFs/Market%20Reports/202309/%E3%83%96%E3%83%A9%E3%82%B8%E3%83%AB%E3%81%AE%E6%94%BF%E7%AD%96%E9%87%91%E5%88%A9%E5%BC%95%E3%81%8D%E4%B8%8B%E3%81%92%E3%81%AB%E3%81%A4%E3%81%84%E3%81%A6%28SOMPO%E3%82%A2%E3%82%BB%E3%83%83%E3%83%88%E3%83%9E%E3%83%8D%E3%82%B8%E3%83%A1%E3%83%B3%E3%83%88%29202309.pdf
2023/09/22,米政策金利は市場予想どおり据え置き(日興アセットマネジメント),https://s3-ap-southeast-1.amazonaws.com/apacwpfhmultisiteprod-live-b260db6793404af7821690776d2b-cf88807/PDFs/Market%20Reports/202309/%E7%B1%B3%E6%94%BF%E7%AD%96%E9%87%91%E5%88%A9%E3%81%AF%E5%B8%82%E5%A0%B4%E4%BA%88%E6%83%B3%E3%81%A9%E3%81%8A%E3%82%8A%E6%8D%AE%E3%81%88%E7%BD%AE%E3%81%8D%28%E6%97%A5%E8%88%88%E3%82%A2%E3%82%BB%E3%83%83%E3%83%88%E3%83%9E%E3%83%8D%E3%82%B8%E3%83%A1%E3%83%B3%E3%83%88%29.pdf
2023/09/22,9月FOMC 政策金利の据え置きを決定(ニッセイアセットマネジメント),https://s3-ap-southeast-1.amazonaws.com/apacwpfhmultisiteprod-live-b260db6793404af7821690776d2b-cf88807/PDFs/Market%20Reports/202309/9%E6%9C%88FOMC%20%E6%94%BF%E7%AD%96%E9%87%91%E5%88%A9%E3%81%AE%E6%8D%AE%E3%81%88%E7%BD%AE%E3%81%8D%E3%82%92%E6%B1%BA%E5%AE%9A%28%E3%83%8B%E3%83%83%E3%82%BB%E3%82%A4%E3%82%A2%E3%82%BB%E3%83%83%E3%83%88%E3%83%9E%E3%83%8D%E3%82%B8%E3%83%A1%E3%83%B3%E3%83%88%29.pdf
2023/09/22,FRB、ややタカ派的な経済見通しを示す(野村アセットマネジメント),https://s3-ap-southeast-1.amazonaws.com/apacwpfhmultisiteprod-live-b260db6793404af7821690776d2b-cf88807/PDFs/Market%20Reports/202309/FRB%E3%80%81%E3%82%84%E3%82%84%E3%82%BF%E3%82%AB%E6%B4%BE%E7%9A%84%E3%81%AA%E7%B5%8C%E6%B8%88%E8%A6%8B%E9%80%9A%E3%81%97%E3%82%92%E7%A4%BA%E3%81%99%28%E9%87%8E%E6%9D%91%E3%82%A2%E3%82%BB%E3%83%83%E3%83%88%E3%83%9E%E3%83%8D%E3%82%B8%E3%83%A1%E3%83%B3%E3%83%88%29.pdf
2023/09/22,9月FOMCの振り返り：金融引締め状態長期化の可能性を強く印象付けた(ＳＢＩ岡三アセットマネジメント),https://s3-ap-southeast-1.amazonaws.com/apacwpfhmultisiteprod-live-b260db6793404af7821690776d2b-cf88807/PDFs/Market%20Reports/202309/9%E6%9C%88FOMC%E3%81%AE%E6%8C%AF%E3%82%8A%E8%BF%94%E3%82%8A%EF%BC%9A%E9%87%91%E8%9E%8D%E5%BC%95%E7%B7%A0%E3%82%81%E7%8A%B6%E6%85%8B%E9%95%B7%E6%9C%9F%E5%8C%96%E3%81%AE%E5%8F%AF%E8%83%BD%E6%80%A7%E3%82%92%E5%BC%B7%E3%81%8F%E5%8D%B0%E8%B1%A1%E4%BB%98%E3%81%91%E3%81%9F%28%EF%BC%B3%EF%BC%A2%EF%BC%A9%E5%B2%A1%E4%B8%89%E3%82%A2%E3%82%BB%E3%83%83%E3%83%88%E3%83%9E%E3%83%8D%E3%82%B8%E3%83%A1%E3%83%B3%E3%83%88%29.pdf
2023/09/22,FRBは、政策金利の据え置きを決定。来年の利下げ幅の見通しを前回から縮小(アセットマネジメントOne),https://s3-ap-southeast-1.amazonaws.com/apacwpfhmultisiteprod-live-b260db6793404af7821690776d2b-cf88807/PDFs/Market%20Reports/202309/FRB%E3%81%AF%E3%80%81%E6%94%BF%E7%AD%96%E9%87%91%E5%88%A9%E3%81%AE%E6%8D%AE%E3%81%88%E7%BD%AE%E3%81%8D%E3%82%92%E6%B1%BA%E5%AE%9A%E3%80%82%E6%9D%A5%E5%B9%B4%E3%81%AE%E5%88%A9%E4%B8%8B%E3%81%92%E5%B9%85%E3%81%AE%E8%A6%8B%E9%80%9A%E3%81%97%E3%82%92%E5%89%8D%E5%9B%9E%E3%81%8B%E3%82%89%E7%B8%AE%E5%B0%8F%28%E3%82%A2%E3%82%BB%E3%83%83%E3%83%88%E3%83%9E%E3%83%8D%E3%82%B8%E3%83%A1%E3%83%B3%E3%83%88One%29.pdf
2023/09/22,米FOMCレビュー：市場予想通り利上げ見送りつつ、タカ派的な姿勢を維持(三菱UFJ国際投信),https://s3-ap-southeast-1.amazonaws.com/apacwpfhmultisiteprod-live-b260db6793404af7821690776d2b-cf88807/PDFs/Market%20Reports/202309/%E7%B1%B3FOMC%E3%83%AC%E3%83%93%E3%83%A5%E3%83%BC%EF%BC%9A%E5%B8%82%E5%A0%B4%E4%BA%88%E6%83%B3%E9%80%9A%E3%82%8A%E5%88%A9%E4%B8%8A%E3%81%92%E8%A6%8B%E9%80%81%E3%82%8A%E3%81%A4%E3%81%A4%E3%80%81%E3%82%BF%E3%82%AB%E6%B4%BE%E7%9A%84%E3%81%AA%E5%A7%BF%E5%8B%A2%E3%82%92%E7%B6%AD%E6%8C%81%28%E4%B8%89%E8%8F%B1UFJ%E5%9B%BD%E9%9A%9B%E6%8A%95%E4%BF%A1%29.pdf
2023/09/22,ブラジル金融政策（2023年9月）(大和アセットマネジメント),https://s3-ap-southeast-1.amazonaws.com/apacwpfhmultisiteprod-live-b260db6793404af7821690776d2b-cf88807/PDFs/Market%20Reports/202309/%E3%83%96%E3%83%A9%E3%82%B8%E3%83%AB%E9%87%91%E8%9E%8D%E6%94%BF%E7%AD%96%EF%BC%882023%E5%B9%B49%E6%9C%88%EF%BC%89%28%E5%A4%A7%E5%92%8C%E3%82%A2%E3%82%BB%E3%83%83%E3%83%88%E3%83%9E%E3%83%8D%E3%82%B8%E3%83%A1%E3%83%B3%E3%83%88%29.pdf
2023/09/22,2023年9月FOMCレビュー～ドットチャートはタカ派的に(三井住友DSアセットマネジメント),https://s3-ap-southeast-1.amazonaws.com/apacwpfhmultisiteprod-live-b260db6793404af7821690776d2b-cf88807/PDFs/Market%20Reports/202309/2023%E5%B9%B49%E6%9C%88FOMC%E3%83%AC%E3%83%93%E3%83%A5%E3%83%BC%EF%BD%9E%E3%83%89%E3%83%83%E3%83%88%E3%83%81%E3%83%A3%E3%83%BC%E3%83%88%E3%81%AF%E3%82%BF%E3%82%AB%E6%B4%BE%E7%9A%84%E3%81%AB%28%E4%B8%89%E4%BA%95%E4%BD%8F%E5%8F%8BDS%E3%82%A2%E3%82%BB%E3%83%83%E3%83%88%E3%83%9E%E3%83%8D%E3%82%B8%E3%83%A1%E3%83%B3%E3%83%88%290922.pdf
2023/09/21,中長期的な視点で魅力が増す米国投資適格社債(三井住友DSアセットマネジメント),https://s3-ap-southeast-1.amazonaws.com/apacwpfhmultisiteprod-live-b260db6793404af7821690776d2b-cf88807/PDFs/Market%20Reports/202309/%E4%B8%AD%E9%95%B7%E6%9C%9F%E7%9A%84%E3%81%AA%E8%A6%96%E7%82%B9%E3%81%A7%E9%AD%85%E5%8A%9B%E3%81%8C%E5%A2%97%E3%81%99%E7%B1%B3%E5%9B%BD%E6%8A%95%E8%B3%87%E9%81%A9%E6%A0%BC%E7%A4%BE%E5%82%B5%28%E4%B8%89%E4%BA%95%E4%BD%8F%E5%8F%8BDS%E3%82%A2%E3%82%BB%E3%83%83%E3%83%88%E3%83%9E%E3%83%8D%E3%82%B8%E3%83%A1%E3%83%B3%E3%83%88%29.pdf
2023/09/21,日米の家計金融資産を比べて見ると・・・(日興アセットマネジメント),https://s3-ap-southeast-1.amazonaws.com/apacwpfhmultisiteprod-live-b260db6793404af7821690776d2b-cf88807/PDFs/Market%20Reports/202309/%E6%97%A5%E7%B1%B3%E3%81%AE%E5%AE%B6%E8%A8%88%E9%87%91%E8%9E%8D%E8%B3%87%E7%94%A3%E3%82%92%E6%AF%94%E3%81%B9%E3%81%A6%E8%A6%8B%E3%82%8B%E3%81%A8%E3%83%BB%E3%83%BB%E3%83%BB%28%E6%97%A5%E8%88%88%E3%82%A2%E3%82%BB%E3%83%83%E3%83%88%E3%83%9E%E3%83%8D%E3%82%B8%E3%83%A1%E3%83%B3%E3%83%88%29202309.pdf
2023/09/21,FOMC政策金利見通し引き上げ。米金利高どまりか(アセットマネジメントOne),https://s3-ap-southeast-1.amazonaws.com/apacwpfhmultisiteprod-live-b260db6793404af7821690776d2b-cf88807/PDFs/Market%20Reports/202309/FOMC%E6%94%BF%E7%AD%96%E9%87%91%E5%88%A9%E8%A6%8B%E9%80%9A%E3%81%97%E5%BC%95%E3%81%8D%E4%B8%8A%E3%81%92%E3%80%82%E7%B1%B3%E9%87%91%E5%88%A9%E9%AB%98%E3%81%A9%E3%81%BE%E3%82%8A%E3%81%8B%28%E3%82%A2%E3%82%BB%E3%83%83%E3%83%88%E3%83%9E%E3%83%8D%E3%82%B8%E3%83%A1%E3%83%B3%E3%83%88One%29.pdf
2023/09/21,FOMCを受けての日米株式・リート市場(大和アセットマネジメント),https://s3-ap-southeast-1.amazonaws.com/apacwpfhmultisiteprod-live-b260db6793404af7821690776d2b-cf88807/PDFs/Market%20Reports/202309/FOMC%E3%82%92%E5%8F%97%E3%81%91%E3%81%A6%E3%81%AE%E6%97%A5%E7%B1%B3%E6%A0%AA%E5%BC%8F%E3%83%BB%E3%83%AA%E3%83%BC%E3%83%88%E5%B8%82%E5%A0%B4%28%E5%A4%A7%E5%92%8C%E3%82%A2%E3%82%BB%E3%83%83%E3%83%88%E3%83%9E%E3%83%8D%E3%82%B8%E3%83%A1%E3%83%B3%E3%83%88%29202309.pdf
2023/09/21,米国金融政策（2023年9月FOMC）(大和アセットマネジメント),https://s3-ap-southeast-1.amazonaws.com/apacwpfhmultisiteprod-live-b260db6793404af7821690776d2b-cf88807/PDFs/Market%20Reports/202309/%E7%B1%B3%E5%9B%BD%E9%87%91%E8%9E%8D%E6%94%BF%E7%AD%96%EF%BC%882023%E5%B9%B49%E6%9C%88FOMC%EF%BC%89%28%E5%A4%A7%E5%92%8C%E3%82%A2%E3%82%BB%E3%83%83%E3%83%88%E3%83%9E%E3%83%8D%E3%82%B8%E3%83%A1%E3%83%B3%E3%83%88%29.pdf
2023/09/21,FOMCは高金利政策の長期化を示唆する内容(野村アセットマネジメント),https://s3-ap-southeast-1.amazonaws.com/apacwpfhmultisiteprod-live-b260db6793404af7821690776d2b-cf88807/PDFs/Market%20Reports/202309/FOMC%E3%81%AF%E9%AB%98%E9%87%91%E5%88%A9%E6%94%BF%E7%AD%96%E3%81%AE%E9%95%B7%E6%9C%9F%E5%8C%96%E3%82%92%E7%A4%BA%E5%94%86%E3%81%99%E3%82%8B%E5%86%85%E5%AE%B9%28%E9%87%8E%E6%9D%91%E3%82%A2%E3%82%BB%E3%83%83%E3%83%88%E3%83%9E%E3%83%8D%E3%82%B8%E3%83%A1%E3%83%B3%E3%83%88%29.pdf
2023/09/20,2023年9月日銀金融政策決定会合プレビュー(三井住友DSアセットマネジメント),https://s3-ap-southeast-1.amazonaws.com/apacwpfhmultisiteprod-live-b260db6793404af7821690776d2b-cf88807/PDFs/Market%20Reports/202309/2023%E5%B9%B49%E6%9C%88%E6%97%A5%E9%8A%80%E9%87%91%E8%9E%8D%E6%94%BF%E7%AD%96%E6%B1%BA%E5%AE%9A%E4%BC%9A%E5%90%88%E3%83%97%E3%83%AC%E3%83%93%E3%83%A5%E3%83%BC%28%E4%B8%89%E4%BA%95%E4%BD%8F%E5%8F%8BDS%E3%82%A2%E3%82%BB%E3%83%83%E3%83%88%E3%83%9E%E3%83%8D%E3%82%B8%E3%83%A1%E3%83%B3%E3%83%88%29.pdf
2023/09/20,中国の幅広い景気対策、若干の効果を発揮か(ピクテ・ジャパン),https://s3-ap-southeast-1.amazonaws.com/apacwpfhmultisiteprod-live-b260db6793404af7821690776d2b-cf88807/PDFs/Market%20Reports/202309/%E4%B8%AD%E5%9B%BD%E3%81%AE%E5%B9%85%E5%BA%83%E3%81%84%E6%99%AF%E6%B0%97%E5%AF%BE%E7%AD%96%E3%80%81%E8%8B%A5%E5%B9%B2%E3%81%AE%E5%8A%B9%E6%9E%9C%E3%82%92%E7%99%BA%E6%8F%AE%E3%81%8B%28%E3%83%94%E3%82%AF%E3%83%86%E3%83%BB%E3%82%B8%E3%83%A3%E3%83%91%E3%83%B3%29.pdf
2023/09/20,米消費者マインド低下。原油価格動向に注視が必要(アセットマネジメントOne),https://s3-ap-southeast-1.amazonaws.com/apacwpfhmultisiteprod-live-b260db6793404af7821690776d2b-cf88807/PDFs/Market%20Reports/202309/%E7%B1%B3%E6%B6%88%E8%B2%BB%E8%80%85%E3%83%9E%E3%82%A4%E3%83%B3%E3%83%89%E4%BD%8E%E4%B8%8B%E3%80%82%E5%8E%9F%E6%B2%B9%E4%BE%A1%E6%A0%BC%E5%8B%95%E5%90%91%E3%81%AB%E6%B3%A8%E8%A6%96%E3%81%8C%E5%BF%85%E8%A6%81%28%E3%82%A2%E3%82%BB%E3%83%83%E3%83%88%E3%83%9E%E3%83%8D%E3%82%B8%E3%83%A1%E3%83%B3%E3%83%88One%29.pdf
2023/09/19,ECBは9月会合で0.25%の利上げを決定し、利上げ打ち止めの可能性を示唆(アセットマネジメントOne),https://s3-ap-southeast-1.amazonaws.com/apacwpfhmultisiteprod-live-b260db6793404af7821690776d2b-cf88807/PDFs/Market%20Reports/202309/ECB%E3%81%AF9%E6%9C%88%E4%BC%9A%E5%90%88%E3%81%A70.25%25%E3%81%AE%E5%88%A9%E4%B8%8A%E3%81%92%E3%82%92%E6%B1%BA%E5%AE%9A%E3%81%97%E3%80%81%E5%88%A9%E4%B8%8A%E3%81%92%E6%89%93%E3%81%A1%E6%AD%A2%E3%82%81%E3%81%AE%E5%8F%AF%E8%83%BD%E6%80%A7%E3%82%92%E7%A4%BA%E5%94%86%28%E3%82%A2%E3%82%BB%E3%83%83%E3%83%88%E3%83%9E%E3%83%8D%E3%82%B8%E3%83%A1%E3%83%B3%E3%83%88One%29.pdf
2023/09/19,ECB理事会～0.25％の利上げ決定、利上げ打ち止めの可能性示唆～(ドイチェ・アセット・マネジメント),https://s3-ap-southeast-1.amazonaws.com/apacwpfhmultisiteprod-live-b260db6793404af7821690776d2b-cf88807/PDFs/Market%20Reports/202309/ECB%E7%90%86%E4%BA%8B%E4%BC%9A%EF%BD%9E0.25%EF%BC%85%E3%81%AE%E5%88%A9%E4%B8%8A%E3%81%92%E6%B1%BA%E5%AE%9A%E3%80%81%E5%88%A9%E4%B8%8A%E3%81%92%E6%89%93%E3%81%A1%E6%AD%A2%E3%82%81%E3%81%AE%E5%8F%AF%E8%83%BD%E6%80%A7%E7%A4%BA%E5%94%86%EF%BD%9E%28%E3%83%89%E3%82%A4%E3%83%81%E3%82%A7%E3%83%BB%E3%82%A2%E3%82%BB%E3%83%83%E3%83%88%E3%83%BB%E3%83%9E%E3%83%8D%E3%82%B8%E3%83%A1%E3%83%B3%E3%83%88%29.pdf
2023/09/19,米国株式市場のアノマリーを確認(三井住友DSアセットマネジメント),https://s3-ap-southeast-1.amazonaws.com/apacwpfhmultisiteprod-live-b260db6793404af7821690776d2b-cf88807/PDFs/Market%20Reports/202309/%E7%B1%B3%E5%9B%BD%E6%A0%AA%E5%BC%8F%E5%B8%82%E5%A0%B4%E3%81%AE%E3%82%A2%E3%83%8E%E3%83%9E%E3%83%AA%E3%83%BC%E3%82%92%E7%A2%BA%E8%AA%8D%28%E4%B8%89%E4%BA%95%E4%BD%8F%E5%8F%8BDS%E3%82%A2%E3%82%BB%E3%83%83%E3%83%88%E3%83%9E%E3%83%8D%E3%82%B8%E3%83%A1%E3%83%B3%E3%83%88%29.pdf
2023/09/19,日経平均ばかり見ていると見誤る日本株の強さ(三井住友DSアセットマネジメント),https://s3-ap-southeast-1.amazonaws.com/apacwpfhmultisiteprod-live-b260db6793404af7821690776d2b-cf88807/PDFs/Market%20Reports/202309/%E6%97%A5%E7%B5%8C%E5%B9%B3%E5%9D%87%E3%81%B0%E3%81%8B%E3%82%8A%E8%A6%8B%E3%81%A6%E3%81%84%E3%82%8B%E3%81%A8%E8%A6%8B%E8%AA%A4%E3%82%8B%E6%97%A5%E6%9C%AC%E6%A0%AA%E3%81%AE%E5%BC%B7%E3%81%95%28%E4%B8%89%E4%BA%95%E4%BD%8F%E5%8F%8BDS%E3%82%A2%E3%82%BB%E3%83%83%E3%83%88%E3%83%9E%E3%83%8D%E3%82%B8%E3%83%A1%E3%83%B3%E3%83%88%29.pdf
2023/09/19,ECB、予想外の利上げと今後は据え置きの可能性(ピクテ・ジャパン),https://s3-ap-southeast-1.amazonaws.com/apacwpfhmultisiteprod-live-b260db6793404af7821690776d2b-cf88807/PDFs/Market%20Reports/202309/ECB%E3%80%81%E4%BA%88%E6%83%B3%E5%A4%96%E3%81%AE%E5%88%A9%E4%B8%8A%E3%81%92%E3%81%A8%E4%BB%8A%E5%BE%8C%E3%81%AF%E6%8D%AE%E3%81%88%E7%BD%AE%E3%81%8D%E3%81%AE%E5%8F%AF%E8%83%BD%E6%80%A7%28%E3%83%94%E3%82%AF%E3%83%86%E3%83%BB%E3%82%B8%E3%83%A3%E3%83%91%E3%83%B3%29.pdf
2023/09/19,米小売売上高の鈍化傾向が強まる可能性も(アセットマネジメントOne),https://s3-ap-southeast-1.amazonaws.com/apacwpfhmultisiteprod-live-b260db6793404af7821690776d2b-cf88807/PDFs/Market%20Reports/202309/%E7%B1%B3%E5%B0%8F%E5%A3%B2%E5%A3%B2%E4%B8%8A%E9%AB%98%E3%81%AE%E9%88%8D%E5%8C%96%E5%82%BE%E5%90%91%E3%81%8C%E5%BC%B7%E3%81%BE%E3%82%8B%E5%8F%AF%E8%83%BD%E6%80%A7%E3%82%82%28%E3%82%A2%E3%82%BB%E3%83%83%E3%83%88%E3%83%9E%E3%83%8D%E3%82%B8%E3%83%A1%E3%83%B3%E3%83%88One%29.pdf
2023/09/19,米長期金利上昇は米国株の逆風となるのか？(野村アセットマネジメント),https://s3-ap-southeast-1.amazonaws.com/apacwpfhmultisiteprod-live-b260db6793404af7821690776d2b-cf88807/PDFs/Market%20Reports/202309/%E7%B1%B3%E9%95%B7%E6%9C%9F%E9%87%91%E5%88%A9%E4%B8%8A%E6%98%87%E3%81%AF%E7%B1%B3%E5%9B%BD%E6%A0%AA%E3%81%AE%E9%80%86%E9%A2%A8%E3%81%A8%E3%81%AA%E3%82%8B%E3%81%AE%E3%81%8B%EF%BC%9F%28%E9%87%8E%E6%9D%91%E3%82%A2%E3%82%BB%E3%83%83%E3%83%88%E3%83%9E%E3%83%8D%E3%82%B8%E3%83%A1%E3%83%B3%E3%83%88%29.pdf
2023/09/15,2023年9月FOMCプレビュー～今回の注目点を整理する(三井住友DSアセットマネジメント),https://s3-ap-southeast-1.amazonaws.com/apacwpfhmultisiteprod-live-b260db6793404af7821690776d2b-cf88807/PDFs/Market%20Reports/202309/2023%E5%B9%B49%E6%9C%88FOMC%E3%83%97%E3%83%AC%E3%83%93%E3%83%A5%E3%83%BC%EF%BD%9E%E4%BB%8A%E5%9B%9E%E3%81%AE%E6%B3%A8%E7%9B%AE%E7%82%B9%E3%82%92%E6%95%B4%E7%90%86%E3%81%99%E3%82%8B%28%E4%B8%89%E4%BA%95%E4%BD%8F%E5%8F%8BDS%E3%82%A2%E3%82%BB%E3%83%83%E3%83%88%E3%83%9E%E3%83%8D%E3%82%B8%E3%83%A1%E3%83%B3%E3%83%88%29.pdf
2023/09/15,ユーロ圏経済は後退を回避し、来年以降、緩やかな回復を見込む(アセットマネジメントOne),https://s3-ap-southeast-1.amazonaws.com/apacwpfhmultisiteprod-live-b260db6793404af7821690776d2b-cf88807/PDFs/Market%20Reports/202309/%E3%83%A6%E3%83%BC%E3%83%AD%E5%9C%8F%E7%B5%8C%E6%B8%88%E3%81%AF%E5%BE%8C%E9%80%80%E3%82%92%E5%9B%9E%E9%81%BF%E3%81%97%E3%80%81%E6%9D%A5%E5%B9%B4%E4%BB%A5%E9%99%8D%E3%80%81%E7%B7%A9%E3%82%84%E3%81%8B%E3%81%AA%E5%9B%9E%E5%BE%A9%E3%82%92%E8%A6%8B%E8%BE%BC%E3%82%80%28%E3%82%A2%E3%82%BB%E3%83%83%E3%83%88%E3%83%9E%E3%83%8D%E3%82%B8%E3%83%A1%E3%83%B3%E3%83%88One%29.pdf
2023/09/15,8月の米CPI、何を見るかで印象は変わる(ピクテ・ジャパン),https://s3-ap-southeast-1.amazonaws.com/apacwpfhmultisiteprod-live-b260db6793404af7821690776d2b-cf88807/PDFs/Market%20Reports/202309/8%E6%9C%88%E3%81%AE%E7%B1%B3CPI%E3%80%81%E4%BD%95%E3%82%92%E8%A6%8B%E3%82%8B%E3%81%8B%E3%81%A7%E5%8D%B0%E8%B1%A1%E3%81%AF%E5%A4%89%E3%82%8F%E3%82%8B%28%E3%83%94%E3%82%AF%E3%83%86%E3%83%BB%E3%82%B8%E3%83%A3%E3%83%91%E3%83%B3%29.pdf
2023/09/15,生産者物価は米中で低下基調から持ち直しの兆しも(アセットマネジメントOne),https://s3-ap-southeast-1.amazonaws.com/apacwpfhmultisiteprod-live-b260db6793404af7821690776d2b-cf88807/PDFs/Market%20Reports/202309/%E7%94%9F%E7%94%A3%E8%80%85%E7%89%A9%E4%BE%A1%E3%81%AF%E7%B1%B3%E4%B8%AD%E3%81%A7%E4%BD%8E%E4%B8%8B%E5%9F%BA%E8%AA%BF%E3%81%8B%E3%82%89%E6%8C%81%E3%81%A1%E7%9B%B4%E3%81%97%E3%81%AE%E5%85%86%E3%81%97%E3%82%82%28%E3%82%A2%E3%82%BB%E3%83%83%E3%83%88%E3%83%9E%E3%83%8D%E3%82%B8%E3%83%A1%E3%83%B3%E3%83%88One%29.pdf
2023/09/14,米消費者物価指数は1年2ヵ月ぶりの前月比大幅上昇(アセットマネジメントOne),https://s3-ap-southeast-1.amazonaws.com/apacwpfhmultisiteprod-live-b260db6793404af7821690776d2b-cf88807/PDFs/Market%20Reports/202309/%E7%B1%B3%E6%B6%88%E8%B2%BB%E8%80%85%E7%89%A9%E4%BE%A1%E6%8C%87%E6%95%B0%E3%81%AF1%E5%B9%B42%E3%83%B5%E6%9C%88%E3%81%B6%E3%82%8A%E3%81%AE%E5%89%8D%E6%9C%88%E6%AF%94%E5%A4%A7%E5%B9%85%E4%B8%8A%E6%98%87%28%E3%82%A2%E3%82%BB%E3%83%83%E3%83%88%E3%83%9E%E3%83%8D%E3%82%B8%E3%83%A1%E3%83%B3%E3%83%88One%29.pdf
2023/09/14,利上げ終了後の米国投資適格社債を考える(三井住友DSアセットマネジメント),https://s3-ap-southeast-1.amazonaws.com/apacwpfhmultisiteprod-live-b260db6793404af7821690776d2b-cf88807/PDFs/Market%20Reports/202309/%E5%88%A9%E4%B8%8A%E3%81%92%E7%B5%82%E4%BA%86%E5%BE%8C%E3%81%AE%E7%B1%B3%E5%9B%BD%E6%8A%95%E8%B3%87%E9%81%A9%E6%A0%BC%E7%A4%BE%E5%82%B5%E3%82%92%E8%80%83%E3%81%88%E3%82%8B%28%E4%B8%89%E4%BA%95%E4%BD%8F%E5%8F%8BDS%E3%82%A2%E3%82%BB%E3%83%83%E3%83%88%E3%83%9E%E3%83%8D%E3%82%B8%E3%83%A1%E3%83%B3%E3%83%88%29.pdf
2023/09/14,利上げが気になる時だからこそお伝えしたい、債券投資のお話(日興アセットマネジメント),https://s3-ap-southeast-1.amazonaws.com/apacwpfhmultisiteprod-live-b260db6793404af7821690776d2b-cf88807/PDFs/Market%20Reports/202309/%E5%88%A9%E4%B8%8A%E3%81%92%E3%81%8C%E6%B0%97%E3%81%AB%E3%81%AA%E3%82%8B%E6%99%82%E3%81%A0%E3%81%8B%E3%82%89%E3%81%93%E3%81%9D%E3%81%8A%E4%BC%9D%E3%81%88%E3%81%97%E3%81%9F%E3%81%84%E3%80%81%E5%82%B5%E5%88%B8%E6%8A%95%E8%B3%87%E3%81%AE%E3%81%8A%E8%A9%B1%28%E6%97%A5%E8%88%88%E3%82%A2%E3%82%BB%E3%83%83%E3%83%88%E3%83%9E%E3%83%8D%E3%82%B8%E3%83%A1%E3%83%B3%E3%83%88%29.pdf
2023/09/14,世界の製造拠点として熱い視線を浴びるアセアン(日興アセットマネジメント),https://s3-ap-southeast-1.amazonaws.com/apacwpfhmultisiteprod-live-b260db6793404af7821690776d2b-cf88807/PDFs/Market%20Reports/202309/%E4%B8%96%E7%95%8C%E3%81%AE%E8%A3%BD%E9%80%A0%E6%8B%A0%E7%82%B9%E3%81%A8%E3%81%97%E3%81%A6%E7%86%B1%E3%81%84%E8%A6%96%E7%B7%9A%E3%82%92%E6%B5%B4%E3%81%B3%E3%82%8B%E3%82%A2%E3%82%BB%E3%82%A2%E3%83%B3%28%E6%97%A5%E8%88%88%E3%82%A2%E3%82%BB%E3%83%83%E3%83%88%E3%83%9E%E3%83%8D%E3%82%B8%E3%83%A1%E3%83%B3%E3%83%88%29.pdf
2023/09/13,米CPIはFRBの利上げサイクル終了を示唆するか(野村アセットマネジメント),https://s3-ap-southeast-1.amazonaws.com/apacwpfhmultisiteprod-live-b260db6793404af7821690776d2b-cf88807/PDFs/Market%20Reports/202309/%E7%B1%B3CPI%E3%81%AFFRB%E3%81%AE%E5%88%A9%E4%B8%8A%E3%81%92%E3%82%B5%E3%82%A4%E3%82%AF%E3%83%AB%E7%B5%82%E4%BA%86%E3%82%92%E7%A4%BA%E5%94%86%E3%81%99%E3%82%8B%E3%81%8B%28%E9%87%8E%E6%9D%91%E3%82%A2%E3%82%BB%E3%83%83%E3%83%88%E3%83%9E%E3%83%8D%E3%82%B8%E3%83%A1%E3%83%B3%E3%83%88%29.pdf
2023/09/13,米物価に落ち着きも、居住費と原油価格が気がかり(アセットマネジメントOne),https://s3-ap-southeast-1.amazonaws.com/apacwpfhmultisiteprod-live-b260db6793404af7821690776d2b-cf88807/PDFs/Market%20Reports/202309/%E7%B1%B3%E7%89%A9%E4%BE%A1%E3%81%AB%E8%90%BD%E3%81%A1%E7%9D%80%E3%81%8D%E3%82%82%E3%80%81%E5%B1%85%E4%BD%8F%E8%B2%BB%E3%81%A8%E5%8E%9F%E6%B2%B9%E4%BE%A1%E6%A0%BC%E3%81%8C%E6%B0%97%E3%81%8C%E3%81%8B%E3%82%8A%28%E3%82%A2%E3%82%BB%E3%83%83%E3%83%88%E3%83%9E%E3%83%8D%E3%82%B8%E3%83%A1%E3%83%B3%E3%83%88One%29.pdf
2023/09/13,9月の日米金融政策会合の見通し(ＳＢＩ岡三アセットマネジメント),https://s3-ap-southeast-1.amazonaws.com/apacwpfhmultisiteprod-live-b260db6793404af7821690776d2b-cf88807/PDFs/Market%20Reports/202309/9%E6%9C%88%E3%81%AE%E6%97%A5%E7%B1%B3%E9%87%91%E8%9E%8D%E6%94%BF%E7%AD%96%E4%BC%9A%E5%90%88%E3%81%AE%E8%A6%8B%E9%80%9A%E3%81%97%28%EF%BC%B3%EF%BC%A2%EF%BC%A9%E5%B2%A1%E4%B8%89%E3%82%A2%E3%82%BB%E3%83%83%E3%83%88%E3%83%9E%E3%83%8D%E3%82%B8%E3%83%A1%E3%83%B3%E3%83%88%29.pdf
2023/09/13,植田総裁発言に市場は金融政策の早期正常化を意識～その真意を探る(三井住友DSアセットマネジメント),https://s3-ap-southeast-1.amazonaws.com/apacwpfhmultisiteprod-live-b260db6793404af7821690776d2b-cf88807/PDFs/Market%20Reports/202309/%E6%A4%8D%E7%94%B0%E7%B7%8F%E8%A3%81%E7%99%BA%E8%A8%80%E3%81%AB%E5%B8%82%E5%A0%B4%E3%81%AF%E9%87%91%E8%9E%8D%E6%94%BF%E7%AD%96%E3%81%AE%E6%97%A9%E6%9C%9F%E6%AD%A3%E5%B8%B8%E5%8C%96%E3%82%92%E6%84%8F%E8%AD%98%EF%BD%9E%E3%81%9D%E3%81%AE%E7%9C%9F%E6%84%8F%E3%82%92%E6%8E%A2%E3%82%8B%28%E4%B8%89%E4%BA%95%E4%BD%8F%E5%8F%8BDS%E3%82%A2%E3%82%BB%E3%83%83%E3%83%88%E3%83%9E%E3%83%8D%E3%82%B8%E3%83%A1%E3%83%B3%E3%83%88%29.pdf
2023/09/12,中国に投資するということ(日興アセットマネジメント),https://s3-ap-southeast-1.amazonaws.com/apacwpfhmultisiteprod-live-b260db6793404af7821690776d2b-cf88807/PDFs/Market%20Reports/202309/%E4%B8%AD%E5%9B%BD%E3%81%AB%E6%8A%95%E8%B3%87%E3%81%99%E3%82%8B%E3%81%A8%E3%81%84%E3%81%86%E3%81%93%E3%81%A8%28%E6%97%A5%E8%88%88%E3%82%A2%E3%82%BB%E3%83%83%E3%83%88%E3%83%9E%E3%83%8D%E3%82%B8%E3%83%A1%E3%83%B3%E3%83%88%29.pdf
2023/09/12,ちょっと注意したい、最近の日銀のコメント(ピクテ・ジャパン),https://s3-ap-southeast-1.amazonaws.com/apacwpfhmultisiteprod-live-b260db6793404af7821690776d2b-cf88807/PDFs/Market%20Reports/202309/%E3%81%A1%E3%82%87%E3%81%A3%E3%81%A8%E6%B3%A8%E6%84%8F%E3%81%97%E3%81%9F%E3%81%84%E3%80%81%E6%9C%80%E8%BF%91%E3%81%AE%E6%97%A5%E9%8A%80%E3%81%AE%E3%82%B3%E3%83%A1%E3%83%B3%E3%83%88%28%E3%83%94%E3%82%AF%E3%83%86%E3%83%BB%E3%82%B8%E3%83%A3%E3%83%91%E3%83%B3%29.pdf
2023/09/12,OECD加盟国の物価上昇は9ヵ月ぶり前月から加速(アセットマネジメントOne),https://s3-ap-southeast-1.amazonaws.com/apacwpfhmultisiteprod-live-b260db6793404af7821690776d2b-cf88807/PDFs/Market%20Reports/202309/OECD%E5%8A%A0%E7%9B%9F%E5%9B%BD%E3%81%AE%E7%89%A9%E4%BE%A1%E4%B8%8A%E6%98%87%E3%81%AF9%E3%83%B5%E6%9C%88%E3%81%B6%E3%82%8A%E5%89%8D%E6%9C%88%E3%81%8B%E3%82%89%E5%8A%A0%E9%80%9F%28%E3%82%A2%E3%82%BB%E3%83%83%E3%83%88%E3%83%9E%E3%83%8D%E3%82%B8%E3%83%A1%E3%83%B3%E3%83%88One%29.pdf
2023/09/11,資本コストや株価を意識した経営(日興アセットマネジメント),https://s3-ap-southeast-1.amazonaws.com/apacwpfhmultisiteprod-live-b260db6793404af7821690776d2b-cf88807/PDFs/Market%20Reports/202309/%E8%B3%87%E6%9C%AC%E3%82%B3%E3%82%B9%E3%83%88%E3%82%84%E6%A0%AA%E4%BE%A1%E3%82%92%E6%84%8F%E8%AD%98%E3%81%97%E3%81%9F%E7%B5%8C%E5%96%B6%28%E6%97%A5%E8%88%88%E3%82%A2%E3%82%BB%E3%83%83%E3%83%88%E3%83%9E%E3%83%8D%E3%82%B8%E3%83%A1%E3%83%B3%E3%83%88%29.pdf
2023/09/11,業績相場へのシフトが期待される米国株(野村アセットマネジメント),https://s3-ap-southeast-1.amazonaws.com/apacwpfhmultisiteprod-live-b260db6793404af7821690776d2b-cf88807/PDFs/Market%20Reports/202309/%E6%A5%AD%E7%B8%BE%E7%9B%B8%E5%A0%B4%E3%81%B8%E3%81%AE%E3%82%B7%E3%83%95%E3%83%88%E3%81%8C%E6%9C%9F%E5%BE%85%E3%81%95%E3%82%8C%E3%82%8B%E7%B1%B3%E5%9B%BD%E6%A0%AA%28%E9%87%8E%E6%9D%91%E3%82%A2%E3%82%BB%E3%83%83%E3%83%88%E3%83%9E%E3%83%8D%E3%82%B8%E3%83%A1%E3%83%B3%E3%83%88%29.pdf
2023/09/11,年末商戦を控え、今後の米国の輸入動向に注目(アセットマネジメントOne),https://s3-ap-southeast-1.amazonaws.com/apacwpfhmultisiteprod-live-b260db6793404af7821690776d2b-cf88807/PDFs/Market%20Reports/202309/%E5%B9%B4%E6%9C%AB%E5%95%86%E6%88%A6%E3%82%92%E6%8E%A7%E3%81%88%E3%80%81%E4%BB%8A%E5%BE%8C%E3%81%AE%E7%B1%B3%E5%9B%BD%E3%81%AE%E8%BC%B8%E5%85%A5%E5%8B%95%E5%90%91%E3%81%AB%E6%B3%A8%E7%9B%AE%28%E3%82%A2%E3%82%BB%E3%83%83%E3%83%88%E3%83%9E%E3%83%8D%E3%82%B8%E3%83%A1%E3%83%B3%E3%83%88One%29.pdf
2023/09/11,最近の日本経済指標の勘所(ピクテ・ジャパン),https://s3-ap-southeast-1.amazonaws.com/apacwpfhmultisiteprod-live-b260db6793404af7821690776d2b-cf88807/PDFs/Market%20Reports/202309/%E6%9C%80%E8%BF%91%E3%81%AE%E6%97%A5%E6%9C%AC%E7%B5%8C%E6%B8%88%E6%8C%87%E6%A8%99%E3%81%AE%E5%8B%98%E6%89%80%28%E3%83%94%E3%82%AF%E3%83%86%E3%83%BB%E3%82%B8%E3%83%A3%E3%83%91%E3%83%B3%29.pdf
2023/09/11,日本の成長経路から見た新興国の現在地(アセットマネジメントOne),https://s3-ap-southeast-1.amazonaws.com/apacwpfhmultisiteprod-live-b260db6793404af7821690776d2b-cf88807/PDFs/Market%20Reports/202309/%E6%97%A5%E6%9C%AC%E3%81%AE%E6%88%90%E9%95%B7%E7%B5%8C%E8%B7%AF%E3%81%8B%E3%82%89%E8%A6%8B%E3%81%9F%E6%96%B0%E8%88%88%E5%9B%BD%E3%81%AE%E7%8F%BE%E5%9C%A8%E5%9C%B0%28%E3%82%A2%E3%82%BB%E3%83%83%E3%83%88%E3%83%9E%E3%83%8D%E3%82%B8%E3%83%A1%E3%83%B3%E3%83%88One%29.pdf
2023/09/11,ドル円しか見ていない為替トレーダーの末路(三井住友DSアセットマネジメント),https://s3-ap-southeast-1.amazonaws.com/apacwpfhmultisiteprod-live-b260db6793404af7821690776d2b-cf88807/PDFs/Market%20Reports/202309/%E3%83%89%E3%83%AB%E5%86%86%E3%81%97%E3%81%8B%E8%A6%8B%E3%81%A6%E3%81%84%E3%81%AA%E3%81%84%E7%82%BA%E6%9B%BF%E3%83%88%E3%83%AC%E3%83%BC%E3%83%80%E3%83%BC%E3%81%AE%E6%9C%AB%E8%B7%AF%28%E4%B8%89%E4%BA%95%E4%BD%8F%E5%8F%8BDS%E3%82%A2%E3%82%BB%E3%83%83%E3%83%88%E3%83%9E%E3%83%8D%E3%82%B8%E3%83%A1%E3%83%B3%E3%83%88%29.pdf
2023/09/11,もっと詳しく！S&P500指数(大和アセットマネジメント),https://s3-ap-southeast-1.amazonaws.com/apacwpfhmultisiteprod-live-b260db6793404af7821690776d2b-cf88807/PDFs/Market%20Reports/202309/%E3%82%82%E3%81%A3%E3%81%A8%E8%A9%B3%E3%81%97%E3%81%8F%EF%BC%81S%26P500%E6%8C%87%E6%95%B0%28%E5%A4%A7%E5%92%8C%E3%82%A2%E3%82%BB%E3%83%83%E3%83%88%E3%83%9E%E3%83%8D%E3%82%B8%E3%83%A1%E3%83%B3%E3%83%88%29.pdf
2023/09/11,J-REIT市場の投資環境(大和アセットマネジメント),https://s3-ap-southeast-1.amazonaws.com/apacwpfhmultisiteprod-live-b260db6793404af7821690776d2b-cf88807/PDFs/Market%20Reports/202309/J-REIT%E5%B8%82%E5%A0%B4%E3%81%AE%E6%8A%95%E8%B3%87%E7%92%B0%E5%A2%83%28%E5%A4%A7%E5%92%8C%E3%82%A2%E3%82%BB%E3%83%83%E3%83%88%E3%83%9E%E3%83%8D%E3%82%B8%E3%83%A1%E3%83%B3%E3%83%88%29202309.pdf
2023/09/11,中国経済が一段と減速した場合の日本経済と日本株への影響を考える(三井住友DSアセットマネジメント),https://s3-ap-southeast-1.amazonaws.com/apacwpfhmultisiteprod-live-b260db6793404af7821690776d2b-cf88807/PDFs/Market%20Reports/202309/%E4%B8%AD%E5%9B%BD%E7%B5%8C%E6%B8%88%E3%81%8C%E4%B8%80%E6%AE%B5%E3%81%A8%E6%B8%9B%E9%80%9F%E3%81%97%E3%81%9F%E5%A0%B4%E5%90%88%E3%81%AE%E6%97%A5%E6%9C%AC%E7%B5%8C%E6%B8%88%E3%81%A8%E6%97%A5%E6%9C%AC%E6%A0%AA%E3%81%B8%E3%81%AE%E5%BD%B1%E9%9F%BF%E3%82%92%E8%80%83%E3%81%88%E3%82%8B%28%E4%B8%89%E4%BA%95%E4%BD%8F%E5%8F%8BDS%E3%82%A2%E3%82%BB%E3%83%83%E3%83%88%E3%83%9E%E3%83%8D%E3%82%B8%E3%83%A1%E3%83%B3%E3%83%88%29.pdf
2023/09/08,警戒領域に入りつつある円相場の行方は？(野村アセットマネジメント),https://s3-ap-southeast-1.amazonaws.com/apacwpfhmultisiteprod-live-b260db6793404af7821690776d2b-cf88807/PDFs/Market%20Reports/202309/%E8%AD%A6%E6%88%92%E9%A0%98%E5%9F%9F%E3%81%AB%E5%85%A5%E3%82%8A%E3%81%A4%E3%81%A4%E3%81%82%E3%82%8B%E5%86%86%E7%9B%B8%E5%A0%B4%E3%81%AE%E8%A1%8C%E6%96%B9%E3%81%AF%EF%BC%9F%28%E9%87%8E%E6%9D%91%E3%82%A2%E3%82%BB%E3%83%83%E3%83%88%E3%83%9E%E3%83%8D%E3%82%B8%E3%83%A1%E3%83%B3%E3%83%88%29.pdf
2023/09/08,米利上げの最終局面が視野に入り、持ち直しへ(三井住友DSアセットマネジメント),https://s3-ap-southeast-1.amazonaws.com/apacwpfhmultisiteprod-live-b260db6793404af7821690776d2b-cf88807/PDFs/Market%20Reports/202309/%E7%B1%B3%E5%88%A9%E4%B8%8A%E3%81%92%E3%81%AE%E6%9C%80%E7%B5%82%E5%B1%80%E9%9D%A2%E3%81%8C%E8%A6%96%E9%87%8E%E3%81%AB%E5%85%A5%E3%82%8A%E3%80%81%E6%8C%81%E3%81%A1%E7%9B%B4%E3%81%97%E3%81%B8%28%E4%B8%89%E4%BA%95%E4%BD%8F%E5%8F%8BDS%E3%82%A2%E3%82%BB%E3%83%83%E3%83%88%E3%83%9E%E3%83%8D%E3%82%B8%E3%83%A1%E3%83%B3%E3%83%88%29.pdf
2023/09/08,8月の米ISM非製造業景況指数、強さと弱さ(ピクテ・ジャパン),https://s3-ap-southeast-1.amazonaws.com/apacwpfhmultisiteprod-live-b260db6793404af7821690776d2b-cf88807/PDFs/Market%20Reports/202309/8%E6%9C%88%E3%81%AE%E7%B1%B3ISM%E9%9D%9E%E8%A3%BD%E9%80%A0%E6%A5%AD%E6%99%AF%E6%B3%81%E6%8C%87%E6%95%B0%E3%80%81%E5%BC%B7%E3%81%95%E3%81%A8%E5%BC%B1%E3%81%95%28%E3%83%94%E3%82%AF%E3%83%86%E3%83%BB%E3%82%B8%E3%83%A3%E3%83%91%E3%83%B3%29.pdf
2023/09/08,米失業保険関連指標は良好も、今後に注視が必要(アセットマネジメントOne),https://s3-ap-southeast-1.amazonaws.com/apacwpfhmultisiteprod-live-b260db6793404af7821690776d2b-cf88807/PDFs/Market%20Reports/202309/%E7%B1%B3%E5%A4%B1%E6%A5%AD%E4%BF%9D%E9%99%BA%E9%96%A2%E9%80%A3%E6%8C%87%E6%A8%99%E3%81%AF%E8%89%AF%E5%A5%BD%E3%82%82%E3%80%81%E4%BB%8A%E5%BE%8C%E3%81%AB%E6%B3%A8%E8%A6%96%E3%81%8C%E5%BF%85%E8%A6%81%28%E3%82%A2%E3%82%BB%E3%83%83%E3%83%88%E3%83%9E%E3%83%8D%E3%82%B8%E3%83%A1%E3%83%B3%E3%83%88One%29.pdf
2023/09/08,米国ハイイールド債の投資環境(アセットマネジメントOne),https://s3-ap-southeast-1.amazonaws.com/apacwpfhmultisiteprod-live-b260db6793404af7821690776d2b-cf88807/PDFs/Market%20Reports/202309/%E7%B1%B3%E5%9B%BD%E3%83%8F%E3%82%A4%E3%82%A4%E3%83%BC%E3%83%AB%E3%83%89%E5%82%B5%E3%81%AE%E6%8A%95%E8%B3%87%E7%92%B0%E5%A2%830908%28%E3%82%A2%E3%82%BB%E3%83%83%E3%83%88%E3%83%9E%E3%83%8D%E3%82%B8%E3%83%A1%E3%83%B3%E3%83%88One%29.pdf
2023/09/07,J-REITの決算状況(大和アセットマネジメント),https://s3-ap-southeast-1.amazonaws.com/apacwpfhmultisiteprod-live-b260db6793404af7821690776d2b-cf88807/PDFs/Market%20Reports/202309/J-REIT%E3%81%AE%E6%B1%BA%E7%AE%97%E7%8A%B6%E6%B3%81%28%E5%A4%A7%E5%92%8C%E3%82%A2%E3%82%BB%E3%83%83%E3%83%88%E3%83%9E%E3%83%8D%E3%82%B8%E3%83%A1%E3%83%B3%E3%83%88%2920230907.pdf
2023/09/07,豪州準備銀行は景気減速の中、3会合連続で金利を据え置き(アセットマネジメントOne),https://s3-ap-southeast-1.amazonaws.com/apacwpfhmultisiteprod-live-b260db6793404af7821690776d2b-cf88807/PDFs/Market%20Reports/202309/%E8%B1%AA%E5%B7%9E%E6%BA%96%E5%82%99%E9%8A%80%E8%A1%8C%E3%81%AF%E6%99%AF%E6%B0%97%E6%B8%9B%E9%80%9F%E3%81%AE%E4%B8%AD%E3%80%813%E4%BC%9A%E5%90%88%E9%80%A3%E7%B6%9A%E3%81%A7%E9%87%91%E5%88%A9%E3%82%92%E6%8D%AE%E3%81%88%E7%BD%AE%E3%81%8D%28%E3%82%A2%E3%82%BB%E3%83%83%E3%83%88%E3%83%9E%E3%83%8D%E3%82%B8%E3%83%A1%E3%83%B3%E3%83%88One%29.pdf
2023/09/07,豪中銀、金利据え置きながら物価への警戒心維持(ピクテ・ジャパン),https://s3-ap-southeast-1.amazonaws.com/apacwpfhmultisiteprod-live-b260db6793404af7821690776d2b-cf88807/PDFs/Market%20Reports/202309/%E8%B1%AA%E4%B8%AD%E9%8A%80%E3%80%81%E9%87%91%E5%88%A9%E6%8D%AE%E3%81%88%E7%BD%AE%E3%81%8D%E3%81%AA%E3%81%8C%E3%82%89%E7%89%A9%E4%BE%A1%E3%81%B8%E3%81%AE%E8%AD%A6%E6%88%92%E5%BF%83%E7%B6%AD%E6%8C%81%28%E3%83%94%E3%82%AF%E3%83%86%E3%83%BB%E3%82%B8%E3%83%A3%E3%83%91%E3%83%B3%29.pdf
2023/09/07,短期的に米企業景況感の動向が注目される(アセットマネジメントOne),https://s3-ap-southeast-1.amazonaws.com/apacwpfhmultisiteprod-live-b260db6793404af7821690776d2b-cf88807/PDFs/Market%20Reports/202309/%E7%9F%AD%E6%9C%9F%E7%9A%84%E3%81%AB%E7%B1%B3%E4%BC%81%E6%A5%AD%E6%99%AF%E6%B3%81%E6%84%9F%E3%81%AE%E5%8B%95%E5%90%91%E3%81%8C%E6%B3%A8%E7%9B%AE%E3%81%95%E3%82%8C%E3%82%8B%28%E3%82%A2%E3%82%BB%E3%83%83%E3%83%88%E3%83%9E%E3%83%8D%E3%82%B8%E3%83%A1%E3%83%B3%E3%83%88One%29.pdf
2023/09/07,カナダ金融政策（2023年9月）(大和アセットマネジメント),https://s3-ap-southeast-1.amazonaws.com/apacwpfhmultisiteprod-live-b260db6793404af7821690776d2b-cf88807/PDFs/Market%20Reports/202309/%E3%82%AB%E3%83%8A%E3%83%80%E9%87%91%E8%9E%8D%E6%94%BF%E7%AD%96%EF%BC%882023%E5%B9%B49%E6%9C%88%EF%BC%89%28%E5%A4%A7%E5%92%8C%E3%82%A2%E3%82%BB%E3%83%83%E3%83%88%E3%83%9E%E3%83%8D%E3%82%B8%E3%83%A1%E3%83%B3%E3%83%88%29.pdf
2023/09/06,投資環境の見通し(三井住友DSアセットマネジメント),https://s3-ap-southeast-1.amazonaws.com/apacwpfhmultisiteprod-live-b260db6793404af7821690776d2b-cf88807/PDFs/Market%20Reports/202309/%E6%8A%95%E8%B3%87%E7%92%B0%E5%A2%83%E3%81%AE%E8%A6%8B%E9%80%9A%E3%81%97%28%E4%B8%89%E4%BA%95%E4%BD%8F%E5%8F%8BDS%E3%82%A2%E3%82%BB%E3%83%83%E3%83%88%E3%83%9E%E3%83%8D%E3%82%B8%E3%83%A1%E3%83%B3%E3%83%88%29202309.pdf
2023/09/06,オーストラリア金融政策（2023年9月）(大和アセットマネジメント),https://s3-ap-southeast-1.amazonaws.com/apacwpfhmultisiteprod-live-b260db6793404af7821690776d2b-cf88807/PDFs/Market%20Reports/202309/%E3%82%AA%E3%83%BC%E3%82%B9%E3%83%88%E3%83%A9%E3%83%AA%E3%82%A2%E9%87%91%E8%9E%8D%E6%94%BF%E7%AD%96%EF%BC%882023%E5%B9%B49%E6%9C%88%EF%BC%89%28%E5%A4%A7%E5%92%8C%E3%82%A2%E3%82%BB%E3%83%83%E3%83%88%E3%83%9E%E3%83%8D%E3%82%B8%E3%83%A1%E3%83%B3%E3%83%88%29.pdf
2023/09/06,中国当局が繰り出す不動産問題対応策への評価(ピクテ・ジャパン),https://s3-ap-southeast-1.amazonaws.com/apacwpfhmultisiteprod-live-b260db6793404af7821690776d2b-cf88807/PDFs/Market%20Reports/202309/%E4%B8%AD%E5%9B%BD%E5%BD%93%E5%B1%80%E3%81%8C%E7%B9%B0%E3%82%8A%E5%87%BA%E3%81%99%E4%B8%8D%E5%8B%95%E7%94%A3%E5%95%8F%E9%A1%8C%E5%AF%BE%E5%BF%9C%E7%AD%96%E3%81%B8%E3%81%AE%E8%A9%95%E4%BE%A1%28%E3%83%94%E3%82%AF%E3%83%86%E3%83%BB%E3%82%B8%E3%83%A3%E3%83%91%E3%83%B3%29.pdf
2023/09/06,米個人消費は大幅に増加も、貯蓄率は大幅に低下(アセットマネジメントOne),https://s3-ap-southeast-1.amazonaws.com/apacwpfhmultisiteprod-live-b260db6793404af7821690776d2b-cf88807/PDFs/Market%20Reports/202309/%E7%B1%B3%E5%80%8B%E4%BA%BA%E6%B6%88%E8%B2%BB%E3%81%AF%E5%A4%A7%E5%B9%85%E3%81%AB%E5%A2%97%E5%8A%A0%E3%82%82%E3%80%81%E8%B2%AF%E8%93%84%E7%8E%87%E3%81%AF%E5%A4%A7%E5%B9%85%E3%81%AB%E4%BD%8E%E4%B8%8B%28%E3%82%A2%E3%82%BB%E3%83%83%E3%83%88%E3%83%9E%E3%83%8D%E3%82%B8%E3%83%A1%E3%83%B3%E3%83%88One%29.pdf
2023/09/06,日本株優位の展開は今後も続くのか？(野村アセットマネジメント),https://s3-ap-southeast-1.amazonaws.com/apacwpfhmultisiteprod-live-b260db6793404af7821690776d2b-cf88807/PDFs/Market%20Reports/202309/%E6%97%A5%E6%9C%AC%E6%A0%AA%E5%84%AA%E4%BD%8D%E3%81%AE%E5%B1%95%E9%96%8B%E3%81%AF%E4%BB%8A%E5%BE%8C%E3%82%82%E7%B6%9A%E3%81%8F%E3%81%AE%E3%81%8B%EF%BC%9F%28%E9%87%8E%E6%9D%91%E3%82%A2%E3%82%BB%E3%83%83%E3%83%88%E3%83%9E%E3%83%8D%E3%82%B8%E3%83%A1%E3%83%B3%E3%83%88%29.pdf
2023/09/06,中国経済減速の背景と今後の焦点(三井住友DSアセットマネジメント),https://s3-ap-southeast-1.amazonaws.com/apacwpfhmultisiteprod-live-b260db6793404af7821690776d2b-cf88807/PDFs/Market%20Reports/202309/%E4%B8%AD%E5%9B%BD%E7%B5%8C%E6%B8%88%E6%B8%9B%E9%80%9F%E3%81%AE%E8%83%8C%E6%99%AF%E3%81%A8%E4%BB%8A%E5%BE%8C%E3%81%AE%E7%84%A6%E7%82%B9%28%E4%B8%89%E4%BA%95%E4%BD%8F%E5%8F%8BDS%E3%82%A2%E3%82%BB%E3%83%83%E3%83%88%E3%83%9E%E3%83%8D%E3%82%B8%E3%83%A1%E3%83%B3%E3%83%88%29.pdf
2023/09/05,米雇用統計のポイントと今後の注目点(ピクテ・ジャパン),https://s3-ap-southeast-1.amazonaws.com/apacwpfhmultisiteprod-live-b260db6793404af7821690776d2b-cf88807/PDFs/Market%20Reports/202309/%E7%B1%B3%E9%9B%87%E7%94%A8%E7%B5%B1%E8%A8%88%E3%81%AE%E3%83%9D%E3%82%A4%E3%83%B3%E3%83%88%E3%81%A8%E4%BB%8A%E5%BE%8C%E3%81%AE%E6%B3%A8%E7%9B%AE%E7%82%B9%28%E3%83%94%E3%82%AF%E3%83%86%E3%83%BB%E3%82%B8%E3%83%A3%E3%83%91%E3%83%B3%29.pdf
2023/09/05,米雇用統計は鈍化、製造業景況感はやや改善(野村アセットマネジメント),https://s3-ap-southeast-1.amazonaws.com/apacwpfhmultisiteprod-live-b260db6793404af7821690776d2b-cf88807/PDFs/Market%20Reports/202309/%E7%B1%B3%E9%9B%87%E7%94%A8%E7%B5%B1%E8%A8%88%E3%81%AF%E9%88%8D%E5%8C%96%E3%80%81%E8%A3%BD%E9%80%A0%E6%A5%AD%E6%99%AF%E6%B3%81%E6%84%9F%E3%81%AF%E3%82%84%E3%82%84%E6%94%B9%E5%96%84%28%E9%87%8E%E6%9D%91%E3%82%A2%E3%82%BB%E3%83%83%E3%83%88%E3%83%9E%E3%83%8D%E3%82%B8%E3%83%A1%E3%83%B3%E3%83%88%29.pdf
2023/09/05,米中製造業の景況感に底打ちの兆しも(アセットマネジメントOne),https://s3-ap-southeast-1.amazonaws.com/apacwpfhmultisiteprod-live-b260db6793404af7821690776d2b-cf88807/PDFs/Market%20Reports/202309/%E7%B1%B3%E4%B8%AD%E8%A3%BD%E9%80%A0%E6%A5%AD%E3%81%AE%E6%99%AF%E6%B3%81%E6%84%9F%E3%81%AB%E5%BA%95%E6%89%93%E3%81%A1%E3%81%AE%E5%85%86%E3%81%97%E3%82%82%28%E3%82%A2%E3%82%BB%E3%83%83%E3%83%88%E3%83%9E%E3%83%8D%E3%82%B8%E3%83%A1%E3%83%B3%E3%83%88One%29.pdf
2023/09/04,米雇用統計はFRBの利上げ停止を示唆する内容(野村アセットマネジメント),https://s3-ap-southeast-1.amazonaws.com/apacwpfhmultisiteprod-live-b260db6793404af7821690776d2b-cf88807/PDFs/Market%20Reports/202309/%E7%B1%B3%E9%9B%87%E7%94%A8%E7%B5%B1%E8%A8%88%E3%81%AFFRB%E3%81%AE%E5%88%A9%E4%B8%8A%E3%81%92%E5%81%9C%E6%AD%A2%E3%82%92%E7%A4%BA%E5%94%86%E3%81%99%E3%82%8B%E5%86%85%E5%AE%B9%28%E9%87%8E%E6%9D%91%E3%82%A2%E3%82%BB%E3%83%83%E3%83%88%E3%83%9E%E3%83%8D%E3%82%B8%E3%83%A1%E3%83%B3%E3%83%88%29.pdf
2023/09/04,予想以上の米雇用増加も、今後の動向に注視が必要(アセットマネジメントOne),https://s3-ap-southeast-1.amazonaws.com/apacwpfhmultisiteprod-live-b260db6793404af7821690776d2b-cf88807/PDFs/Market%20Reports/202309/%E4%BA%88%E6%83%B3%E4%BB%A5%E4%B8%8A%E3%81%AE%E7%B1%B3%E9%9B%87%E7%94%A8%E5%A2%97%E5%8A%A0%E3%82%82%E3%80%81%E4%BB%8A%E5%BE%8C%E3%81%AE%E5%8B%95%E5%90%91%E3%81%AB%E6%B3%A8%E8%A6%96%E3%81%8C%E5%BF%85%E8%A6%81%28%E3%82%A2%E3%82%BB%E3%83%83%E3%83%88%E3%83%9E%E3%83%8D%E3%82%B8%E3%83%A1%E3%83%B3%E3%83%88One%29.pdf
2023/09/04,インフレ対応か景気下支えか、混迷深まるユーロ圏(ピクテ・ジャパン),https://s3-ap-southeast-1.amazonaws.com/apacwpfhmultisiteprod-live-b260db6793404af7821690776d2b-cf88807/PDFs/Market%20Reports/202309/%E3%82%A4%E3%83%B3%E3%83%95%E3%83%AC%E5%AF%BE%E5%BF%9C%E3%81%8B%E6%99%AF%E6%B0%97%E4%B8%8B%E6%94%AF%E3%81%88%E3%81%8B%E3%80%81%E6%B7%B7%E8%BF%B7%E6%B7%B1%E3%81%BE%E3%82%8B%E3%83%A6%E3%83%BC%E3%83%AD%E5%9C%8F%28%E3%83%94%E3%82%AF%E3%83%86%E3%83%BB%E3%82%B8%E3%83%A3%E3%83%91%E3%83%B3%29.pdf
2023/09/04,9月の金融政策、政治・経済イベント(日興アセットマネジメント),https://s3-ap-southeast-1.amazonaws.com/apacwpfhmultisiteprod-live-b260db6793404af7821690776d2b-cf88807/PDFs/Market%20Reports/202309/9%E6%9C%88%E3%81%AE%E9%87%91%E8%9E%8D%E6%94%BF%E7%AD%96%E3%80%81%E6%94%BF%E6%B2%BB%E3%83%BB%E7%B5%8C%E6%B8%88%E3%82%A4%E3%83%99%E3%83%B3%E3%83%88%28%E6%97%A5%E8%88%88%E3%82%A2%E3%82%BB%E3%83%83%E3%83%88%E3%83%9E%E3%83%8D%E3%82%B8%E3%83%A1%E3%83%B3%E3%83%88%29202309.pdf
2023/09/01,日本企業の資本コストや株価を意識した経営はどれくらい進んだか(三井住友トラスト・アセットマネジメント),https://s3-ap-southeast-1.amazonaws.com/apacwpfhmultisiteprod-live-b260db6793404af7821690776d2b-cf88807/PDFs/Market%20Reports/202309/%E6%97%A5%E6%9C%AC%E4%BC%81%E6%A5%AD%E3%81%AE%E8%B3%87%E6%9C%AC%E3%82%B3%E3%82%B9%E3%83%88%E3%82%84%E6%A0%AA%E4%BE%A1%E3%82%92%E6%84%8F%E8%AD%98%E3%81%97%E3%81%9F%E7%B5%8C%E5%96%B6%E3%81%AF%E3%81%A9%E3%82%8C%E3%81%8F%E3%82%89%E3%81%84%E9%80%B2%E3%82%93%E3%81%A0%E3%81%8B%28%E4%B8%89%E4%BA%95%E4%BD%8F%E5%8F%8B%E3%83%88%E3%83%A9%E3%82%B9%E3%83%88%E3%83%BB%E3%82%A2%E3%82%BB%E3%83%83%E3%83%88%E3%83%9E%E3%83%8D%E3%82%B8%E3%83%A1%E3%83%B3%E3%83%88%29.pdf
2023/09/01,FRBの利上げ停止を示唆する経済指標相次ぐ(野村アセットマネジメント),https://s3-ap-southeast-1.amazonaws.com/apacwpfhmultisiteprod-live-b260db6793404af7821690776d2b-cf88807/PDFs/Market%20Reports/202309/FRB%E3%81%AE%E5%88%A9%E4%B8%8A%E3%81%92%E5%81%9C%E6%AD%A2%E3%82%92%E7%A4%BA%E5%94%86%E3%81%99%E3%82%8B%E7%B5%8C%E6%B8%88%E6%8C%87%E6%A8%99%E7%9B%B8%E6%AC%A1%E3%81%90%28%E9%87%8E%E6%9D%91%E3%82%A2%E3%82%BB%E3%83%83%E3%83%88%E3%83%9E%E3%83%8D%E3%82%B8%E3%83%A1%E3%83%B3%E3%83%88%29.pdf
2023/09/01,指標改善も米中古住宅販売は高金利や在庫が抑制か(アセットマネジメントOne),https://s3-ap-southeast-1.amazonaws.com/apacwpfhmultisiteprod-live-b260db6793404af7821690776d2b-cf88807/PDFs/Market%20Reports/202309/%E6%8C%87%E6%A8%99%E6%94%B9%E5%96%84%E3%82%82%E7%B1%B3%E4%B8%AD%E5%8F%A4%E4%BD%8F%E5%AE%85%E8%B2%A9%E5%A3%B2%E3%81%AF%E9%AB%98%E9%87%91%E5%88%A9%E3%82%84%E5%9C%A8%E5%BA%AB%E3%81%8C%E6%8A%91%E5%88%B6%E3%81%8B%28%E3%82%A2%E3%82%BB%E3%83%83%E3%83%88%E3%83%9E%E3%83%8D%E3%82%B8%E3%83%A1%E3%83%B3%E3%83%88One%29.pdf
2023/09/01,中国、不動産の何をみるべきか(日興アセットマネジメント),https://s3-ap-southeast-1.amazonaws.com/apacwpfhmultisiteprod-live-b260db6793404af7821690776d2b-cf88807/PDFs/Market%20Reports/202309/%E4%B8%AD%E5%9B%BD%E3%80%81%E4%B8%8D%E5%8B%95%E7%94%A3%E3%81%AE%E4%BD%95%E3%82%92%E3%81%BF%E3%82%8B%E3%81%B9%E3%81%8D%E3%81%8B%28%E6%97%A5%E8%88%88%E3%82%A2%E3%82%BB%E3%83%83%E3%83%88%E3%83%9E%E3%83%8D%E3%82%B8%E3%83%A1%E3%83%B3%E3%83%88%29.pdf
2023/09/01,米経済は後退に至らず緩やかな減速、長期金利高止まりが続く可能性(アセットマネジメントOne),https://s3-ap-southeast-1.amazonaws.com/apacwpfhmultisiteprod-live-b260db6793404af7821690776d2b-cf88807/PDFs/Market%20Reports/202309/%E7%B1%B3%E7%B5%8C%E6%B8%88%E3%81%AF%E5%BE%8C%E9%80%80%E3%81%AB%E8%87%B3%E3%82%89%E3%81%9A%E7%B7%A9%E3%82%84%E3%81%8B%E3%81%AA%E6%B8%9B%E9%80%9F%E3%80%81%E9%95%B7%E6%9C%9F%E9%87%91%E5%88%A9%E9%AB%98%E6%AD%A2%E3%81%BE%E3%82%8A%E3%81%8C%E7%B6%9A%E3%81%8F%E5%8F%AF%E8%83%BD%E6%80%A7%28%E3%82%A2%E3%82%BB%E3%83%83%E3%83%88%E3%83%9E%E3%83%8D%E3%82%B8%E3%83%A1%E3%83%B3%E3%83%88One%29.pdf
2023/08/31,米求人件数は2021年3月以来の低水準(アセットマネジメントOne),https://s3-ap-southeast-1.amazonaws.com/apacwpfhmultisiteprod-live-b260db6793404af7821690776d2b-cf88807/PDFs/Market%20Reports/202308/%E7%B1%B3%E6%B1%82%E4%BA%BA%E4%BB%B6%E6%95%B0%E3%81%AF2021%E5%B9%B43%E6%9C%88%E4%BB%A5%E6%9D%A5%E3%81%AE%E4%BD%8E%E6%B0%B4%E6%BA%96%28%E3%82%A2%E3%82%BB%E3%83%83%E3%83%88%E3%83%9E%E3%83%8D%E3%82%B8%E3%83%A1%E3%83%B3%E3%83%88One%29.pdf
2023/08/31,米8月雇用統計に備える(ピクテ・ジャパン),https://s3-ap-southeast-1.amazonaws.com/apacwpfhmultisiteprod-live-b260db6793404af7821690776d2b-cf88807/PDFs/Market%20Reports/202308/%E7%B1%B38%E6%9C%88%E9%9B%87%E7%94%A8%E7%B5%B1%E8%A8%88%E3%81%AB%E5%82%99%E3%81%88%E3%82%8B%28%E3%83%94%E3%82%AF%E3%83%86%E3%83%BB%E3%82%B8%E3%83%A3%E3%83%91%E3%83%B3%29.pdf
2023/08/30,8月の米消費者信頼感指数は大幅に低下(アセットマネジメントOne),https://s3-ap-southeast-1.amazonaws.com/apacwpfhmultisiteprod-live-b260db6793404af7821690776d2b-cf88807/PDFs/Market%20Reports/202308/8%E6%9C%88%E3%81%AE%E7%B1%B3%E6%B6%88%E8%B2%BB%E8%80%85%E4%BF%A1%E9%A0%BC%E6%84%9F%E6%8C%87%E6%95%B0%E3%81%AF%E5%A4%A7%E5%B9%85%E3%81%AB%E4%BD%8E%E4%B8%8B%28%E3%82%A2%E3%82%BB%E3%83%83%E3%83%88%E3%83%9E%E3%83%8D%E3%82%B8%E3%83%A1%E3%83%B3%E3%83%88One%29.pdf
2023/08/30,2023年9月の注目イベント(三井住友DSアセットマネジメント),https://s3-ap-southeast-1.amazonaws.com/apacwpfhmultisiteprod-live-b260db6793404af7821690776d2b-cf88807/PDFs/Market%20Reports/202308/2023%E5%B9%B49%E6%9C%88%E3%81%AE%E6%B3%A8%E7%9B%AE%E3%82%A4%E3%83%99%E3%83%B3%E3%83%88%28%E4%B8%89%E4%BA%95%E4%BD%8F%E5%8F%8BDS%E3%82%A2%E3%82%BB%E3%83%83%E3%83%88%E3%83%9E%E3%83%8D%E3%82%B8%E3%83%A1%E3%83%B3%E3%83%88%29.pdf
2023/08/30,改めて新年度入り後のPBR1倍割れ銘柄群の動きを検証する(三井住友DSアセットマネジメント),https://s3-ap-southeast-1.amazonaws.com/apacwpfhmultisiteprod-live-b260db6793404af7821690776d2b-cf88807/PDFs/Market%20Reports/202308/%E6%94%B9%E3%82%81%E3%81%A6%E6%96%B0%E5%B9%B4%E5%BA%A6%E5%85%A5%E3%82%8A%E5%BE%8C%E3%81%AEPBR1%E5%80%8D%E5%89%B2%E3%82%8C%E9%8A%98%E6%9F%84%E7%BE%A4%E3%81%AE%E5%8B%95%E3%81%8D%E3%82%92%E6%A4%9C%E8%A8%BC%E3%81%99%E3%82%8B%28%E4%B8%89%E4%BA%95%E4%BD%8F%E5%8F%8BDS%E3%82%A2%E3%82%BB%E3%83%83%E3%83%88%E3%83%9E%E3%83%8D%E3%82%B8%E3%83%A1%E3%83%B3%E3%83%88%29.pdf
2023/08/29,大規模な景気刺激策を催促する中国金融市場(野村アセットマネジメント),https://s3-ap-southeast-1.amazonaws.com/apacwpfhmultisiteprod-live-b260db6793404af7821690776d2b-cf88807/PDFs/Market%20Reports/202308/%E5%A4%A7%E8%A6%8F%E6%A8%A1%E3%81%AA%E6%99%AF%E6%B0%97%E5%88%BA%E6%BF%80%E7%AD%96%E3%82%92%E5%82%AC%E4%BF%83%E3%81%99%E3%82%8B%E4%B8%AD%E5%9B%BD%E9%87%91%E8%9E%8D%E5%B8%82%E5%A0%B4%28%E9%87%8E%E6%9D%91%E3%82%A2%E3%82%BB%E3%83%83%E3%83%88%E3%83%9E%E3%83%8D%E3%82%B8%E3%83%A1%E3%83%B3%E3%83%88%29.pdf
2023/08/29,米独の製造業はおおむね悪化傾向が続く(アセットマネジメントOne),https://s3-ap-southeast-1.amazonaws.com/apacwpfhmultisiteprod-live-b260db6793404af7821690776d2b-cf88807/PDFs/Market%20Reports/202308/%E7%B1%B3%E7%8B%AC%E3%81%AE%E8%A3%BD%E9%80%A0%E6%A5%AD%E3%81%AF%E3%81%8A%E3%81%8A%E3%82%80%E3%81%AD%E6%82%AA%E5%8C%96%E5%82%BE%E5%90%91%E3%81%8C%E7%B6%9A%E3%81%8F%28%E3%82%A2%E3%82%BB%E3%83%83%E3%83%88%E3%83%9E%E3%83%8D%E3%82%B8%E3%83%A1%E3%83%B3%E3%83%88One%29.pdf
2023/08/29,ジャクソンホール会議、パウエル議長の講演の勘所(ピクテ・ジャパン),https://s3-ap-southeast-1.amazonaws.com/apacwpfhmultisiteprod-live-b260db6793404af7821690776d2b-cf88807/PDFs/Market%20Reports/202308/%E3%82%B8%E3%83%A3%E3%82%AF%E3%82%BD%E3%83%B3%E3%83%9B%E3%83%BC%E3%83%AB%E4%BC%9A%E8%AD%B0%E3%80%81%E3%83%91%E3%82%A6%E3%82%A8%E3%83%AB%E8%AD%B0%E9%95%B7%E3%81%AE%E8%AC%9B%E6%BC%94%E3%81%AE%E5%8B%98%E6%89%80%28%E3%83%94%E3%82%AF%E3%83%86%E3%83%BB%E3%82%B8%E3%83%A3%E3%83%91%E3%83%B3%29.pdf
2023/08/29,パウエル議長のジャクソンホール講演は想定の範囲内(日興アセットマネジメント),https://s3-ap-southeast-1.amazonaws.com/apacwpfhmultisiteprod-live-b260db6793404af7821690776d2b-cf88807/PDFs/Market%20Reports/202308/%E3%83%91%E3%82%A6%E3%82%A8%E3%83%AB%E8%AD%B0%E9%95%B7%E3%81%AE%E3%82%B8%E3%83%A3%E3%82%AF%E3%82%BD%E3%83%B3%E3%83%9B%E3%83%BC%E3%83%AB%E8%AC%9B%E6%BC%94%E3%81%AF%E6%83%B3%E5%AE%9A%E3%81%AE%E7%AF%84%E5%9B%B2%E5%86%85%28%E6%97%A5%E8%88%88%E3%82%A2%E3%82%BB%E3%83%83%E3%83%88%E3%83%9E%E3%83%8D%E3%82%B8%E3%83%A1%E3%83%B3%E3%83%88%29.pdf
2023/08/29,ジャクソンホール会議、FRB議長は引き締め姿勢を維持(野村アセットマネジメント),https://s3-ap-southeast-1.amazonaws.com/apacwpfhmultisiteprod-live-b260db6793404af7821690776d2b-cf88807/PDFs/Market%20Reports/202308/%E3%82%B8%E3%83%A3%E3%82%AF%E3%82%BD%E3%83%B3%E3%83%9B%E3%83%BC%E3%83%AB%E4%BC%9A%E8%AD%B0%E3%80%81FRB%E8%AD%B0%E9%95%B7%E3%81%AF%E5%BC%95%E3%81%8D%E7%B7%A0%E3%82%81%E5%A7%BF%E5%8B%A2%E3%82%92%E7%B6%AD%E6%8C%81%28%E9%87%8E%E6%9D%91%E3%82%A2%E3%82%BB%E3%83%83%E3%83%88%E3%83%9E%E3%83%8D%E3%82%B8%E3%83%A1%E3%83%B3%E3%83%88%29.pdf
2023/08/28,2023年8月ジャクソンホール会議レビュー～パウエル発言の要点整理(三井住友DSアセットマネジメント),https://s3-ap-southeast-1.amazonaws.com/apacwpfhmultisiteprod-live-b260db6793404af7821690776d2b-cf88807/PDFs/Market%20Reports/202308/2023%E5%B9%B48%E6%9C%88%E3%82%B8%E3%83%A3%E3%82%AF%E3%82%BD%E3%83%B3%E3%83%9B%E3%83%BC%E3%83%AB%E4%BC%9A%E8%AD%B0%E3%83%AC%E3%83%93%E3%83%A5%E3%83%BC%EF%BD%9E%E3%83%91%E3%82%A6%E3%82%A8%E3%83%AB%E7%99%BA%E8%A8%80%E3%81%AE%E8%A6%81%E7%82%B9%E6%95%B4%E7%90%86%28%E4%B8%89%E4%BA%95%E4%BD%8F%E5%8F%8BDS%E3%82%A2%E3%82%BB%E3%83%83%E3%83%88%E3%83%9E%E3%83%8D%E3%82%B8%E3%83%A1%E3%83%B3%E3%83%88%29.pdf
2023/08/28,トルコ中銀、予想を大きく上回る利上げを決定(日興アセットマネジメント),https://s3-ap-southeast-1.amazonaws.com/apacwpfhmultisiteprod-live-b260db6793404af7821690776d2b-cf88807/PDFs/Market%20Reports/202308/%E3%83%88%E3%83%AB%E3%82%B3%E4%B8%AD%E9%8A%80%E3%80%81%E4%BA%88%E6%83%B3%E3%82%92%E5%A4%A7%E3%81%8D%E3%81%8F%E4%B8%8A%E5%9B%9E%E3%82%8B%E5%88%A9%E4%B8%8A%E3%81%92%E3%82%92%E6%B1%BA%E5%AE%9A%28%E6%97%A5%E8%88%88%E3%82%A2%E3%82%BB%E3%83%83%E3%83%88%E3%83%9E%E3%83%8D%E3%82%B8%E3%83%A1%E3%83%B3%E3%83%88%29.pdf
2023/08/28,オーストラリアの安定した経済成長の原動力は？(フランクリン・テンプルトン・ジャパン),https://s3-ap-southeast-1.amazonaws.com/apacwpfhmultisiteprod-live-b260db6793404af7821690776d2b-cf88807/PDFs/Market%20Reports/202308/%E3%82%AA%E3%83%BC%E3%82%B9%E3%83%88%E3%83%A9%E3%83%AA%E3%82%A2%E3%81%AE%E5%AE%89%E5%AE%9A%E3%81%97%E3%81%9F%E7%B5%8C%E6%B8%88%E6%88%90%E9%95%B7%E3%81%AE%E5%8E%9F%E5%8B%95%E5%8A%9B%E3%81%AF%EF%BC%9F%28%E3%83%95%E3%83%A9%E3%83%B3%E3%82%AF%E3%83%AA%E3%83%B3%E3%83%BB%E3%83%86%E3%83%B3%E3%83%97%E3%83%AB%E3%83%88%E3%83%B3%E3%83%BB%E3%82%B8%E3%83%A3%E3%83%91%E3%83%B3%29.pdf
2023/08/28,ジャクソンホール後の米金融政策を展望する(野村アセットマネジメント),https://s3-ap-southeast-1.amazonaws.com/apacwpfhmultisiteprod-live-b260db6793404af7821690776d2b-cf88807/PDFs/Market%20Reports/202308/%E3%82%B8%E3%83%A3%E3%82%AF%E3%82%BD%E3%83%B3%E3%83%9B%E3%83%BC%E3%83%AB%E5%BE%8C%E3%81%AE%E7%B1%B3%E9%87%91%E8%9E%8D%E6%94%BF%E7%AD%96%E3%82%92%E5%B1%95%E6%9C%9B%E3%81%99%E3%82%8B%28%E9%87%8E%E6%9D%91%E3%82%A2%E3%82%BB%E3%83%83%E3%83%88%E3%83%9E%E3%83%8D%E3%82%B8%E3%83%A1%E3%83%B3%E3%83%88%29.pdf
2023/08/28,パウエル議長の講演後、米国市場に波乱みられず(アセットマネジメントOne),https://s3-ap-southeast-1.amazonaws.com/apacwpfhmultisiteprod-live-b260db6793404af7821690776d2b-cf88807/PDFs/Market%20Reports/202308/%E3%83%91%E3%82%A6%E3%82%A8%E3%83%AB%E8%AD%B0%E9%95%B7%E3%81%AE%E8%AC%9B%E6%BC%94%E5%BE%8C%E3%80%81%E7%B1%B3%E5%9B%BD%E5%B8%82%E5%A0%B4%E3%81%AB%E6%B3%A2%E4%B9%B1%E3%81%BF%E3%82%89%E3%82%8C%E3%81%9A%28%E3%82%A2%E3%82%BB%E3%83%83%E3%83%88%E3%83%9E%E3%83%8D%E3%82%B8%E3%83%A1%E3%83%B3%E3%83%88One%29.pdf
2023/08/28,日本の名目GDPの600兆円達成が視野に(アセットマネジメントOne),https://s3-ap-southeast-1.amazonaws.com/apacwpfhmultisiteprod-live-b260db6793404af7821690776d2b-cf88807/PDFs/Market%20Reports/202308/%E6%97%A5%E6%9C%AC%E3%81%AE%E5%90%8D%E7%9B%AEGDP%E3%81%AE600%E5%85%86%E5%86%86%E9%81%94%E6%88%90%E3%81%8C%E8%A6%96%E9%87%8E%E3%81%AB%28%E3%82%A2%E3%82%BB%E3%83%83%E3%83%88%E3%83%9E%E3%83%8D%E3%82%B8%E3%83%A1%E3%83%B3%E3%83%88One%29.pdf
2023/04/12,米国長期金利の上昇は当面、限定的にとどまるか(アセットマネジメントOne),https://s3-ap-southeast-1.amazonaws.com/apacwpfhmultisiteprod-live-b260db6793404af7821690776d2b-cf88807/PDFs/Market%20Reports/202304/%E7%B1%B3%E5%9B%BD%E9%95%B7%E6%9C%9F%E9%87%91%E5%88%A9%E3%81%AE%E4%B8%8A%E6%98%87%E3%81%AF%E5%BD%93%E9%9D%A2%E3%80%81%E9%99%90%E5%AE%9A%E7%9A%84%E3%81%AB%E3%81%A8%E3%81%A9%E3%81%BE%E3%82%8B%E3%81%8B%28%E3%82%A2%E3%82%BB%E3%83%83%E3%83%88%E3%83%9E%E3%83%8D%E3%82%B8%E3%83%A1%E3%83%B3%E3%83%88One%29.pdf
2023/04/05,米求人件数は1年9ヵ月ぶりの低水準。楽観後退か(アセットマネジメントOne),https://s3-ap-southeast-1.amazonaws.com/apacwpfhmultisiteprod-live-b260db6793404af7821690776d2b-cf88807/PDFs/Market%20Reports/202304/%E7%B1%B3%E6%B1%82%E4%BA%BA%E4%BB%B6%E6%95%B0%E3%81%AF1%E5%B9%B49%E3%83%B5%E6%9C%88%E3%81%B6%E3%82%8A%E3%81%AE%E4%BD%8E%E6%B0%B4%E6%BA%96%E3%80%82%E6%A5%BD%E8%A6%B3%E5%BE%8C%E9%80%80%E3%81%8B%28%E3%82%A2%E3%82%BB%E3%83%83%E3%83%88%E3%83%9E%E3%83%8D%E3%82%B8%E3%83%A1%E3%83%B3%E3%83%88One%29.pdf
2023/04/03,株式の上昇が目立った1-3月期の金融市場(野村アセットマネジメント),https://s3-ap-southeast-1.amazonaws.com/apacwpfhmultisiteprod-live-b260db6793404af7821690776d2b-cf88807/PDFs/Market%20Reports/202304/%E6%A0%AA%E5%BC%8F%E3%81%AE%E4%B8%8A%E6%98%87%E3%81%8C%E7%9B%AE%E7%AB%8B%E3%81%A3%E3%81%9F1-3%E6%9C%88%E6%9C%9F%E3%81%AE%E9%87%91%E8%9E%8D%E5%B8%82%E5%A0%B4%28%E9%87%8E%E6%9D%91%E3%82%A2%E3%82%BB%E3%83%83%E3%83%88%E3%83%9E%E3%83%8D%E3%82%B8%E3%83%A1%E3%83%B3%E3%83%88%29.pdf
2023/08/31,「たくさんあって分からない…」決算（分配）頻度は投資の目的にあわせましょう(日興アセットマネジメント),https://s3-ap-southeast-1.amazonaws.com/apacwpfhmultisiteprod-live-b260db6793404af7821690776d2b-cf88807/PDFs/Market%20Reports/202308/%E3%80%8C%E3%81%9F%E3%81%8F%E3%81%95%E3%82%93%E3%81%82%E3%81%A3%E3%81%A6%E5%88%86%E3%81%8B%E3%82%89%E3%81%AA%E3%81%84%E2%80%A6%E3%80%8D%E6%B1%BA%E7%AE%97%EF%BC%88%E5%88%86%E9%85%8D%EF%BC%89%E9%A0%BB%E5%BA%A6%E3%81%AF%E6%8A%95%E8%B3%87%E3%81%AE%E7%9B%AE%E7%9A%84%E3%81%AB%E3%81%82%E3%82%8F%E3%81%9B%E3%81%BE%E3%81%97%E3%82%87%E3%81%86%28%E6%97%A5%E8%88%88%E3%82%A2%E3%82%BB%E3%83%83%E3%83%88%E3%83%9E%E3%83%8D%E3%82%B8%E3%83%A1%E3%83%B3%E3%83%88%29.pdf
